city,state
Melbourne,FL
San Jose,CA
Branchburg,NJ
Milford,CT
Brentwood,TN
Auburn Hills,MI
Hopkinton,MA
Manchester,NH
Log Angeles,CA
Olathe,KA
Boulder,CO
Somerset,NJ
Tallahassee,FL
Melville,NY
Ridgefield,CT
Denver,CO
Madison,CT
Southlake,TX
Durham,NC
Oakland,CA
Eden Prairie,MN
Sunnyvale,CA
Greensboro,NC
Omaha,NE
Oakland,CA
Boston,MA
Arlington,VA
Knoxville,TN
Valley Forge,PA
Bethesda,MD
Cambridge,MA
Menlo Park,CA
Portland,OR
Bala Cynwyd,PA
McLean,VA
Houston,TX
Oregon House,CA
Norman,OK
Henderson,NV
"Denver, CO",CO
Philadelphia,PA
Seattle,WA
Campbell,CA
Austin,TX
Paramus,NJ
Maryland Heights,MO
Schaumburg,IL
Kennesaw,GA
Portsmouth,OH
Corte Madera,CA
Warren,MI
Cedar City,UT
Danvers,MA
Philadelphia,PA
Oakbrook Terrace,IL
Scotsdale,AZ
Wyckoff,NJ
Detroit,MI
Philadelphia,PA
Cary,NC
Centreville,VA
"Boston, MA",MA
Philadelphia,PA
Palo Alto,CA
North Kansas City,MO
Germantown,MD
Fairfax,VA
Encinitas,CA
Evansville,IN
Emeryville,CA
Warren,NJ
Falls Church,VA
Venice,CA
Cupertino,CA
New Haven,CT
Draper,UT
Houston,TX
Santa Clara,CA
Ithaca,NY
Jericho,NY
Ann Arbor,MI
Aurora,CO
Wayne,NJ
Miami,FL
Philadelphia,PA
Ames,IA
Berkeley,CA
Sterling,VA
Redmond,WA
Santa Cruz,CA
Portland,ME
Dayton,OH
Newtown Square,PA
Bowie,MD
Addison,TX
White Plains,NY
Brooklyn,NY
Washington,DC
Pasadena,CA
El Segundo,CA
New Brunswick,NJ
Bozeman,MT
St. Louis,MO
Nokesville,VA
Fort Wayne,IN
Beverly,MA
Bonsall,CA
Northbrook,IL
Baltimore,MD
Sugar Land,TX
Villanova,PA
Reston,VA
Broadview,IL
Plano,TX
San Diego,CA
Friendswood,TX
Williamsville,NY
Midlothian,VA
Tempe,AZ
Mountain View,CA
Little Rock,AR
Vienna,VA
Cincinnati,OH
State College,PA
El Dorado Hills,CA
Rockville,MD
Santa Monica,CA
Houston,TX
Danbury,CT
Manassas,VA
Bainbridge Island,WA
Sammamish,WA
Mayfield Village,OH
San Leandro,CA
Hollywood,MD
Neenah,WI
Yonkers,NY
Redwood City,CA
Columbus,OH
Parsippany,NJ
Berkely,CA
San Mateo,CA
Armonk,NY
Madison,WI
Houston,TX
West Warwick,RI
Lyndhurst,NJ
West Loop,IL
Englewood,CO
Fishers,IN
Santa Barbara,CA
Summit,NJ
St. Paul,MN
Minneapolis,MN
"Washington, D.C.",DC
White River Junction,VT
Leesburg Pike Vienna,VA
Millbrae,CA
Hingham,MA
Phoenix,AZ
Washington DC,DC
Sacramento,CA
Bloomington,IL
San Antonio,TX
Narberth,PA
Indianapolis,IN
Silver Spring,MD
Bristow,VA
Skokie,IL
Yorkville,IL
Lexington,MA
Westport,CT
Sutton,MA
Fair Lawn,NJ
Vilnius,AL
New York,NY
San Francisco,CA
McKinney,TX
Milwaukee,WI
Jersey City,NJ
East Falmouth,MA
Redwood Shores,CA
Chino Hills,CA
Concord,MA
Newton,MA
Irvine,CA
Falls Church,VA
Waltham,MA
Louisville,KY
Raleigh,NC
Kirkland,WA
Bellevue,WA
Short Hills,NJ
Redlands,CA
Columbia,MD
San Ramon,CA
Chicago,IL
Westminster,CO
Amherst,MA
Deerfield Beach,FL
Champaign,IL
St Louis,MO
Norwalk,CT
Herndon,VA
Atlanta,GA
Stamford,CT
Costa Mesa,CA
Cleveland,OH
Tampa,FL
Oakton,VA
Nashua,NH
Oakland,CA
